{"cameraMode":{"drawMode":0,"name":"Shaded","section":"Shading Mode"},"sceneLighting":true,"audioPlay":false,"sceneViewState":{"m_AlwaysRefresh":false,"showFog":true,"showSkybox":true,"showFlares":true,"showImageEffects":true,"showParticleSystems":true,"showVisualEffectGraphs":true,"m_FxEnabled":true},"in2DMode":false,"pivot":{"x":3.333693027496338,"y":0.7165876030921936,"z":0.7204673290252686},"rotation":{"x":-0.01000667829066515,"y":0.9886710047721863,"z":-0.12856240570545197,"w":-0.07697424292564392},"size":1.8302379846572877,"orthographic":false}